﻿<?xml version="1.0" encoding="utf-8"?>
<MUPDefinition xmlns="http://schemas.dell.com/openmanage/cm/2/0/mupdefinition.xsd" xmlns:xsi="http://www.w3.org/2001/XMLSchema-instance" xsi:schemaLocation="http://schemas.dell.com/openmanage/cm/2/0/mupdefinition.xsd mupdefinition.xsd">
  <packageinformation>
    <name>RST</name>
    <installertype>custom</installertype>
    <!-- or vendorinstaller? -->
    <packagegrouping>single_package</packagegrouping>
    <packagingtype>executable</packagingtype>
    <releasetype>DRVR</releasetype>
    <mupspecificationversion>2.4.5</mupspecificationversion>
    <version>18.0.1.1138</version>
    <supportedoperatingsystems>
      <osidentifier name="Windows10" architecture="x64" />
    </supportedoperatingsystems>
    <content>
      <!-- To be filled with inf files informations-->
      <Device componentID="100638">
        <PCIInfo vendorID="8086" deviceID="A282" />
        <PCIInfo vendorID="8086" deviceID="34D3" />
        <PCIInfo vendorID="8086" deviceID="02D3" />
        <PCIInfo vendorID="8086" deviceID="06D2" />
        <PCIInfo vendorID="8086" deviceID="06D3" />
        <PCIInfo vendorID="8086" deviceID="A382" />
        <Image type="DRVR" version="18.30.1.1138">
          <file>production\Windows10-x64\AHCI\iaAHCIC.inf</file>
          <supportedoperatingsystems>
            <osidentifier name="Windows10" architecture="x64" />
          </supportedoperatingsystems>
        </Image>
      </Device>
      <Device componentID="100638">
        <PCIInfo vendorID="8086" deviceID="2822" />
        <PCIInfo vendorID="8086" deviceID="282A" />
        <PCIInfo vendorID="8086" deviceID="A286" />
        <PCIInfo vendorID="8086" deviceID="34D7" />
        <PCIInfo vendorID="8086" deviceID="02D7" />
        <PCIInfo vendorID="8086" deviceID="06D6" />
        <PCIInfo vendorID="8086" deviceID="06D7" />
        <PCIInfo vendorID="8086" deviceID="A386" />
        <Image type="DRVR" version="18.30.1.1138">
          <file>production\Windows10-x64\RAID\iaStorAC.inf</file>
          <supportedoperatingsystems>
            <osidentifier name="Windows10" architecture="x64" />
          </supportedoperatingsystems>
        </Image>
      </Device>
      <Device componentID="100638">
        <PCIInfo vendorID="8086" deviceID="9A0B" />
        <PCIInfo vendorID="8086" deviceID="09AB" />
        <Image type="DRVR" version="18.0.1.1138">
          <file>production\Windows10-x64\VMD\iaStorVD.inf</file>
          <supportedoperatingsystems>
            <osidentifier name="Windows10" architecture="x64" />
          </supportedoperatingsystems>
        </Image>
      </Device>
      <Device componentID="100638">
        <Generic>SWC\VID8086&amp;SW_RstShellExtensions</Generic>
        <Generic>SWC\VID8086&amp;PID2822&amp;SID0001</Generic>
        <Image type="DRVR" version="18.0.1.1138">
          <file>production\Windows10-x64\PinningComponent\iaStorPinningComponent.inf</file>
          <supportedoperatingsystems>
            <osidentifier name="Windows10" architecture="x64" />
          </supportedoperatingsystems>
        </Image>
      </Device>
      <Device componentID="100638">
        <Generic>SWC\VID8086&amp;SW_RstHSA</Generic>
        <Image type="DRVR" version="18.0.0.1">
          <file>production\Windows10-x64\HsaComponent\iaStorHsaComponent.inf</file>
          <supportedoperatingsystems>
            <osidentifier name="Windows10" architecture="x64" />
          </supportedoperatingsystems>
        </Image>
      </Device>
      <Device componentID="100638">
        <PCIInfo vendorID="8086" deviceID="2822" />
        <PCIInfo vendorID="8086" deviceID="282A" />
        <PCIInfo vendorID="8086" deviceID="A286" />
        <PCIInfo vendorID="8086" deviceID="34D7" />
        <PCIInfo vendorID="8086" deviceID="02D7" />
        <PCIInfo vendorID="8086" deviceID="06D6" />
        <PCIInfo vendorID="8086" deviceID="06D7" />
        <PCIInfo vendorID="8086" deviceID="A386" />
        <PCIInfo vendorID="8086" deviceID="A282" />
        <PCIInfo vendorID="8086" deviceID="34D3" />
        <PCIInfo vendorID="8086" deviceID="02D3" />
        <PCIInfo vendorID="8086" deviceID="06D2" />
        <PCIInfo vendorID="8086" deviceID="06D3" />
        <PCIInfo vendorID="8086" deviceID="A382" />
        <PCIInfo vendorID="8086" deviceID="9A0B" />
        <Image type="DRVR" version="18.0.1.1138">
          <file>production\Windows10-x64\HsaExtension\iaStorHsa_Ext.inf</file>
          <supportedoperatingsystems>
            <osidentifier name="Windows10" architecture="x64" />
          </supportedoperatingsystems>
        </Image>
      </Device>
    </content>
  </packageinformation>
  <executable architecture="x64">
    <executablename>SetupRST.exe</executablename>
  </executable>
  <behaviors>
    <behavior name="extractdrivers">
      <vendoroption>
        <optionvalue switch="/" requiresvalue="true" valuedelimiter=" " enclose="&quot;">extractdrivers</optionvalue>
      </vendoroption>
    </behavior>
    <behavior name="attended" />
    <behavior name="freshinstall" />
    <behavior name="unattended">
      <vendoroption>
        <optionvalue switch="/" requiresvalue="false">s</optionvalue>
      </vendoroption>
      <vendoroption>
        <optionvalue switch="/" requiresvalue="false">accepteula</optionvalue>
      </vendoroption>
    </behavior>
  </behaviors>
  <parameters>
    <parametermapping name="logfile">
      <vendoroption>
        <optionvalue switch="/" requiresvalue="true" valuedelimiter=" " enclose="&quot;">reportfile</optionvalue>
      </vendoroption>
    </parametermapping>
  </parameters>
  <returncodes>
    <returncodemapping name="SUCCESS">
      <vendorreturncode>0</vendorreturncode>
    </returncodemapping>
    <returncodemapping name="ERROR">
      <vendorreturncode>1603</vendorreturncode>
    </returncodemapping>
    <returncodemapping name="REBOOTING_SYSTEM">
      <vendorreturncode>1641</vendorreturncode>
    </returncodemapping>
    <returncodemapping name="REBOOT_REQUIRED">
      <vendorreturncode>3010</vendorreturncode>
    </returncodemapping>
    <returncodemapping name="ERROR_INSTALL_PLATFORM_UNSUPPORTED">
      <vendorreturncode>1633</vendorreturncode>
    </returncodemapping>
    <returncodemapping name="UNKNOWN_OPTION">
      <vendorreturncode>1639</vendorreturncode>
    </returncodemapping>
  </returncodes>
  <inventorymetadata>
    <fullpackageidentifier>
      <registrykeys>
        <registrykey componentID="100638">
          <name>HKEY_LOCAL_MACHINE\SOFTWARE\Dell\MUP\Intel\RstDriverVersion</name>
          <value>18.0.1.1138</value>
          <displayName>HKEY_LOCAL_MACHINE\SOFTWARE\Dell\MUP\Intel\RstDriverName</displayName>
          <displayValue>Intel(R) RST Storage Drivers</displayValue>
        </registrykey>
      </registrykeys>
    </fullpackageidentifier>
  </inventorymetadata>
</MUPDefinition>